93 | Seine-Saint-Denis,AUBERVILLIERS,secretariat-general@mairie-Aubervilliers.fr
93 | Seine-Saint-Denis,AULNAY SOUS BOIS,comexterne@aulnay-sous-bois.com
93 | Seine-Saint-Denis,BAGNOLET,mairie@ville-bagnolet.fr
93 | Seine-Saint-Denis,BOBIGNY,comtown@comtown.com
93 | Seine-Saint-Denis,BONDY,cab-maire@ville-bondy.fr
93 | Seine-Saint-Denis,CLICHY SOUS BOIS,webmaster@ville-clichy-sous-bois.fr
93 | Seine-Saint-Denis,COUBRON,cabinet.maire@coubron.fr 
93 | Seine-Saint-Denis,DRANCY,maire@drancy.fr
93 | Seine-Saint-Denis,DUGNY,cabmaire@mairie-dugny.fr
93 | Seine-Saint-Denis,EPINAY SUR SEINE,communication@mairie-epinay93.fr
93 | Seine-Saint-Denis,GAGNY,info@mairie-gagny.fr
93 | Seine-Saint-Denis,GOURNAY SUR MARNE,c.gonnet@gournay-sur-marne.fr
93 | Seine-Saint-Denis,LA COURNEUVE,maire@ville-la-courneuve.fr
93 | Seine-Saint-Denis,LE BLANC MESNIL,lemensuel@ville-blanc-mesnil.fr
93 | Seine-Saint-Denis,LE BOURGET,service.communication@ville-lebourget.fr
93 | Seine-Saint-Denis,LE PRE SAINT GERVAIS,communication@ville-du-pre-saint-gervais.fr
93 | Seine-Saint-Denis,LE RAINCY,leraincy@leraincy.com
93 | Seine-Saint-Denis,LES LILAS,ville@leslilas.fr
93 | Seine-Saint-Denis,LES PAVILLONS SOUS BOIS,mairie@ville-pavillons-sous-bois.fr
93 | Seine-Saint-Denis,L ILE SAINT DENIS,mairie@lile-saint-denis.fr
93 | Seine-Saint-Denis,LIVRY GARGAN,courriermaire@ville-de-livry-gargan.fr
93 | Seine-Saint-Denis,MONTFERMEIL,elus@ville-montfermeil.fr
93 | Seine-Saint-Denis,MONTREUIL,site.internet@montreuil93.net
93 | Seine-Saint-Denis,NEUILLY PLAISANCE,contact@mairie-neuillyplaisance.com
93 | Seine-Saint-Denis,NEUILLY SUR MARNE,mairie.neuilly.marne@wanadoo.fr
93 | Seine-Saint-Denis,NOISY LE GRAND,mairie@ville-noisylegrand.fr
93 | Seine-Saint-Denis,NOISY LE SEC,maire@noisylesec.fr
93 | Seine-Saint-Denis,PANTIN,""
93 | Seine-Saint-Denis,PIERREFITTE SUR SEINE,mairie@mairie-pierrefitte-sur-seine.fr
93 | Seine-Saint-Denis,ROMAINVILLE,courrier@ville-romainville.fr
93 | Seine-Saint-Denis,ROSNY SOUS BOIS,courrier@mairie-rosny-sous-bois.fr
93 | Seine-Saint-Denis,SAINT DENIS,mairie.saint.denis@ville-saint-denis.fr
93 | Seine-Saint-Denis,SAINT OUEN,etat-civil@mairie-saint-ouen.fr
93 | Seine-Saint-Denis,SEVRAN,grp_accueil@ville-sevran.fr
93 | Seine-Saint-Denis,STAINS,courrier@stains.fr
93 | Seine-Saint-Denis,TREMBLAY EN FRANCE,services@tremblayenfrance.fr
93 | Seine-Saint-Denis,VAUJOURS,contact@ville-vaujours.fr
93 | Seine-Saint-Denis,VILLEMOMBLE,secretariat-general@mairie-villemomble.fr
93 | Seine-Saint-Denis,VILLEPINTE,mairie@ville-villepinte.fr
93 | Seine-Saint-Denis,VILLETANEUSE,communication@mairie-villetaneuse.fr
44 | Loire-Atlantique,ABBARETZ,mairie@abbaretz.fr
44 | Loire-Atlantique,AIGREFEUILLE SUR MAINE,info@aigrefeuillesurmaine.com
44 | Loire-Atlantique,ANCENIS,mairie@ancenis.fr
44 | Loire-Atlantique,ANETZ,mairie.anetz@wanadoo.fr
44 | Loire-Atlantique,ARTHON EN RETZ,mairie.arthon-en-retz@wanadoo.fr
44 | Loire-Atlantique,ASSERAC,info@asserac.fr
44 | Loire-Atlantique,AVESSAC,mairie.avessac@wanadoo.fr
44 | Loire-Atlantique,BARBECHAT,mairie.barbechat@wanadoo.fr
44 | Loire-Atlantique,BASSE GOULAINE,contact@basse-goulaine.fr
44 | Loire-Atlantique,BATZ SUR MER,mairiebatzsurmer@wanadoo.fr
44 | Loire-Atlantique,BELLIGNE,mairie.belligne@wanadoo.fr
44 | Loire-Atlantique,BESNE,communedebesne@wanadoo.fr
44 | Loire-Atlantique,BLAIN,mairie@ville-blain.fr
44 | Loire-Atlantique,BONNOEUVRE,MAIRIE-DE-BONNOEUVRE@WANADOO.FR
44 | Loire-Atlantique,BOUAYE,contact@mairie-bouaye.fr
44 | Loire-Atlantique,BOUEE,mairie.bouee@wanadoo.fr
44 | Loire-Atlantique,BOUGUENAIS,courriel@ville-bouguenais.fr
44 | Loire-Atlantique,BOURGNEUF EN RETZ,mairiebourgneuf@wanadoo.fr
44 | Loire-Atlantique,BOUSSAY,mairie-de-boussay@wanadoo.fr
44 | Loire-Atlantique,BOUVRON,mairie.bouvron@wanadoo.fr
44 | Loire-Atlantique,BRAINS,accueil@mairie-brains.fr
44 | Loire-Atlantique,CAMPBON,mairie.de.campbon@wanadoo.fr
44 | Loire-Atlantique,CARQUEFOU,bir.com@mairie-carquefou.fr
44 | Loire-Atlantique,CASSON,contact@casson.fr
44 | Loire-Atlantique,CHATEAUBRIANT,info@ville-chateaubriant.fr
44 | Loire-Atlantique,CHATEAU THEBAUD,mairie.chateau-thebaud@orange.fr
44 | Loire-Atlantique,CHAUVE,mairie-de-chauve@wanadoo.fr
44 | Loire-Atlantique,CHEIX EN RETZ,mairie.cheixenretz@wanadoo.fr
44 | Loire-Atlantique,CHEMERE,chemere.mairie@wanadoo.fr
44 | Loire-Atlantique,CLISSON,contact@mairie-clisson.fr
44 | Loire-Atlantique,CONQUEREUIL,mairie.conquereuil@wanadoo.fr
44 | Loire-Atlantique,CORCOUE SUR LOGNE,mairiecorcoue@wanadoo.fr
44 | Loire-Atlantique,CORDEMAIS,mairie@cordemais.com
44 | Loire-Atlantique,CORSEPT,mairiedecorsept@wanadoo.fr
44 | Loire-Atlantique,COUERON,communication@mairie-coueron.fr
44 | Loire-Atlantique,COUFFE,mairie-couffe@wanadoo.fr
44 | Loire-Atlantique,CROSSAC,mairie.crossac@wanadoo.fr
44 | Loire-Atlantique,DERVAL,mairie.derval@free.fr
44 | Loire-Atlantique,DONGES,mairie@ville-donges.fr
44 | Loire-Atlantique,DREFFEAC,mairie.dreffeac@wanadoo.fr
44 | Loire-Atlantique,ERBRAY,mairie.erbray@wanadoo.fr
44 | Loire-Atlantique,FAY DE BRETAGNE,accueil@faydebretagne.fr
44 | Loire-Atlantique,FEGREAC,mairie@fegreac.fr
44 | Loire-Atlantique,FERCE,mairie.ferce@wanadoo.fr
44 | Loire-Atlantique,FRESNAY EN RETZ,sgfresnay@wanadoo.fr
44 | Loire-Atlantique,FROSSAY,accueil.mairie-frossay@wanadoo.fr
44 | Loire-Atlantique,GENESTON,mairie.geneston@wanadoo.fr
44 | Loire-Atlantique,GETIGNE,mairie.getigne@wanadoo.fr
44 | Loire-Atlantique,GORGES,mairie.gorges@wanadoo.fr
44 | Loire-Atlantique,GRAND AUVERNE,mairie.grand.auverne@wanadoo.fr
44 | Loire-Atlantique,GRANDCHAMP DES FONTAINES,contact@grandchampdesfontaines.fr
44 | Loire-Atlantique,GUEMENE PENFAO,contact@mairie-guemene-penfao.fr
44 | Loire-Atlantique,GUENROUET,mairie-de-guenrouet@wanadoo.fr
44 | Loire-Atlantique,GUERANDE,villedeguerande@gmail.com
44 | Loire-Atlantique,HAUTE GOULAINE,mairie@mairie-haute-goulaine.fr
44 | Loire-Atlantique,HERBIGNAC,contact@herbignac.com
44 | Loire-Atlantique,HERIC,contact.mairie@heric.fr
44 | Loire-Atlantique,INDRE,mairie@indre44.fr
44 | Loire-Atlantique,ISSE,mairie.isse@wanadoo.fr
44 | Loire-Atlantique,JANS,communedejans@wanadoo.fr
44 | Loire-Atlantique,JOUE SUR ERDRE,mairiejouesurerdre@wanadoo.fr
44 | Loire-Atlantique,JUIGNE LES MOUTIERS,mairie.juignelesmoutiers@wanadoo.fr
44 | Loire-Atlantique,LA BAULE ESCOUBLAC,accueil@mairie-labaule.fr 
44 | Loire-Atlantique,LA BERNERIE EN RETZ,contact@mairie-labernerie.fr
44 | Loire-Atlantique,LA BOISSIERE DU DORE,dgs@mairie-laboissieredudore.fr
44 | Loire-Atlantique,LA CHAPELLE BASSE MER,mairie@chapellebassemer.fr
44 | Loire-Atlantique,LA CHAPELLE DES MARAIS,nelly@lachapelledesmarais.fr
44 | Loire-Atlantique,LA CHAPELLE GLAIN,communelachapelleglain@wanadoo.fr
44 | Loire-Atlantique,LA CHAPELLE HEULIN,accueil@mairie-lachapelleheulin.fr
44 | Loire-Atlantique,LA CHAPELLE LAUNAY,lachapellelaunay.mairie@wanadoo.fr
44 | Loire-Atlantique,LA CHAPELLE SAINT SAUVEUR,mairie.chapstsauv@wanadoo.fr
44 | Loire-Atlantique,LA CHAPELLE SUR ERDRE,mairie@lachapellesurerdre.fr
44 | Loire-Atlantique,LA CHEVALLERAIS,mairie.chevallerais@wanadoo.fr
44 | Loire-Atlantique,LA CHEVROLIERE,commune@mairie-lachevroliere.fr
44 | Loire-Atlantique,LA GRIGONNAIS,mairie@lagrigonnais.fr
44 | Loire-Atlantique,LA HAIE FOUASSIERE,mairie.hayefouassiere@wanadoo.fr
44 | Loire-Atlantique,LA LIMOUZINIERE,lalimouziniere@oceanet.fr
44 | Loire-Atlantique,LA MARNE,mairie.lamarne@wanadoo.fr
44 | Loire-Atlantique,LA MEILLERAYE DE BRETAGNE,mairie.meilleraye@wanadoo.fr
44 | Loire-Atlantique,LA MONTAGNE,mairie@ville-lamontagne.fr
44 | Loire-Atlantique,LA PLAINE SUR MER,mairie@laplainesurmer.fr
44 | Loire-Atlantique,LA PLANCHE,MAIRIE.LAPLANCHE@wanadoo.fr
44 | Loire-Atlantique,LA REGRIPPIERE,contact@mairie-laregrippiere.fr
44 | Loire-Atlantique,LA REMAUDIERE,mairie.laremaudiere@wanadoo.fr
44 | Loire-Atlantique,LA ROCHE BLANCHE,mairie-de-la-roche-blanche@wanadoo.fr
44 | Loire-Atlantique,LA ROUXIERE,CommunedelaRouxiere@wanadoo.fr
44 | Loire-Atlantique,LA TURBALLE,secretariatgeneral@mairielaturballe.fr
44 | Loire-Atlantique,LAVAU SUR LOIRE,mairie.lavau-sur-loire@wanadoo.fr
44 | Loire-Atlantique,LE BIGNON,contact@mairielebignon.fr
44 | Loire-Atlantique,LE CELLIER,mairie@lecellier.fr
44 | Loire-Atlantique,LE CROISIC,mairieducroisic@lecroisic.fr
44 | Loire-Atlantique,LE FRESNE SUR LOIRE,mairiedufresne@wanadoo.fr
44 | Loire-Atlantique,LE GAVRE,mairiedugavre@wanadoo.fr
44 | Loire-Atlantique,LEGE,contact@ville-lege44.fr
44 | Loire-Atlantique,LE LANDREAU,mairie@le-landreau.fr
44 | Loire-Atlantique,LE LOROUX BOTTEREAU,mairie.loroux@wanadoo.fr
44 | Loire-Atlantique,LE PALLET,contact@mairie-lepallet.fr
44 | Loire-Atlantique,LE PELLERIN,info@mairie-lepellerin.fr
44 | Loire-Atlantique,LE PIN,mairielepin@wanadoo.fr
44 | Loire-Atlantique,LE POULIGUEN,contact@mairie-lepouliguen.fr
44 | Loire-Atlantique,LES MOUTIERS EN RETZ,contact@mairie-lesmoutiersenretz.fr
44 | Loire-Atlantique,LES SORINIERES,mairie@ville-sorinieres.fr
44 | Loire-Atlantique,LES TOUCHES,contact@les-touches.fr
44 | Loire-Atlantique,LE TEMPLE DE BRETAGNE,communedutempledebretagne@wanadoo.fr
44 | Loire-Atlantique,LIGNE,mairie@ligne.fr
44 | Loire-Atlantique,LOUISFERT,commune.louisfert@wanadoo.fr
44 | Loire-Atlantique,LUSANGER,mairie.lusanger@wanadoo.fr
44 | Loire-Atlantique,MACHECOUL,info@machecoul.com
44 | Loire-Atlantique,MAISDON SUR SEVRE, mairie@maisdons-sur-sevre.fr
44 | Loire-Atlantique,MALVILLE,mairie-de-malville@wanadoo.fr
44 | Loire-Atlantique,MARSAC SUR DON,info@mairie-marsacsurdon.fr
44 | Loire-Atlantique,MASSERAC,masserac@wanadoo.fr
44 | Loire-Atlantique,MAUMUSSON,mairie-maumusson44@wanadoo.fr
44 | Loire-Atlantique,MAUVES SUR LOIRE,mairie.mauves@mauvessurloire.fr
44 | Loire-Atlantique,MESANGER,mairie.mesanger@wanadoo.fr
44 | Loire-Atlantique,MESQUER,mairie.mesquer@wanadoo.fr
44 | Loire-Atlantique,MISSILLAC,mairie.de.missillac@wanadoo.fr
44 | Loire-Atlantique,MOISDON LA RIVIERE,mairie.moisdon@wanadoo.fr
44 | Loire-Atlantique,MONNIERES,mairie.monnieres@wanadoo.fr
44 | Loire-Atlantique,MONTBERT,mairiedemontbert@oceanet.fr
44 | Loire-Atlantique,MONTOIR DE BRETAGNE,contact@montoirdebretagne.fr
44 | Loire-Atlantique,MONTRELAIS,mairie@montrelais.fr
44 | Loire-Atlantique,MOUAIS,mairie.mouais@wanadoo.fr
44 | Loire-Atlantique,MOUZEIL,mairie@mouzeil.fr
44 | Loire-Atlantique,MOUZILLON,accueil@mairie-mouzillon.fr
44 | Loire-Atlantique,NANTES,contact@mairie-nantes.fr
44 | Loire-Atlantique,NORT SUR ERDRE,communication@nort-sur-erdre.fr
44 | Loire-Atlantique,NOTRE DAME DES LANDES,contact@notre-dame-des-landes.fr
44 | Loire-Atlantique,NOYAL SUR BRUTZ,mairienoyalsurbrutz@wanadoo.fr
44 | Loire-Atlantique,NOZAY,mairie@nozay44.fr
44 | Loire-Atlantique,ORVAULT,contact@mairie-orvault.fr
44 | Loire-Atlantique,OUDON,accueil@oudon.fr
44 | Loire-Atlantique,PAIMBOEUF,mairie@paimboeuf.fr
44 | Loire-Atlantique,PANNECE,compa@pannece.fr
44 | Loire-Atlantique,PAULX,mairiedepaulx@wanadoo.fr
44 | Loire-Atlantique,PETIT AUVERNE,mairie.petit-auverne@orange.fr
44 | Loire-Atlantique,PETIT MARS,mairie@petitmars.fr
44 | Loire-Atlantique,PIERRIC,mairie.pierric@wanadoo.fr
44 | Loire-Atlantique,PIRIAC SUR MER,mairie@piriac.net
44 | Loire-Atlantique,PLESSE,mairie.plesse@wanadoo.fr
44 | Loire-Atlantique,PONTCHATEAU,communication@pontchateau.fr
44 | Loire-Atlantique,PONT SAINT MARTIN,contact@mairie-pontsaintmartin.fr
44 | Loire-Atlantique,PORNIC,contact@pornic.fr
44 | Loire-Atlantique,PORNICHET,mairie@mairie-pornichet.fr
44 | Loire-Atlantique,PORT SAINT PERE,mairie@port-saint-pere.fr
44 | Loire-Atlantique,POUILLE LES COTEAUX,pouille-les-coteaux.mairie@wanadoo.fr
44 | Loire-Atlantique,PREFAILLES,mairie@prefailles.fr
44 | Loire-Atlantique,PRINQUIAU,communeprinquiau@wanadoo.fr
44 | Loire-Atlantique,PUCEUL,mairie@puceul.fr
44 | Loire-Atlantique,QUILLY,mairie.de.quilly@wanadoo.fr
44 | Loire-Atlantique,REMOUILLE,mairie-de-remouille@wanadoo.fr
44 | Loire-Atlantique,REZE,administration@mairie-reze.fr
44 | Loire-Atlantique,RIAILLE,mairie@riaille.fr
44 | Loire-Atlantique,ROUANS,rouans.mairie@wanadoo.fr
44 | Loire-Atlantique,ROUGE,mairie-rouge@orange.fr
44 | Loire-Atlantique,RUFFIGNE,mairie.ruffigne@wanadoo.fr
44 | Loire-Atlantique,SAFFRE,mairie@saffre.fr
44 | Loire-Atlantique,SAINT AIGNAN DE GRAND LIEU,contact@mairie-st-aignan-grandlieu.fr
44 | Loire-Atlantique,SAINT ANDRE DES EAUX,secretariat@ville-st-andre-des-eaux.fr
44 | Loire-Atlantique,SAINT AUBIN DES CHATEAUX,mairie@saint-aubin-des-chateaux.fr
44 | Loire-Atlantique,SAINT BREVIN LES PINS,contact@mairie-saint-brevin.fr
44 | Loire-Atlantique,SAINT COLOMBAN,mairie@st-colomban.fr
44 | Loire-Atlantique,SAINTE ANNE SUR BRIVET,mairie.ste.anne.sur.brivet@wanadoo.fr
44 | Loire-Atlantique,SAINTE LUCE SUR LOIRE,contact@sainte-luce-loire.com
44 | Loire-Atlantique,SAINTE PAZANNE,mairie@sainte-pazanne.com
44 | Loire-Atlantique,SAINTE REINE DE BRETAGNE,mairie.st.reine.bretagne@wanadoo.fr
44 | Loire-Atlantique,SAINT ETIENNE DE MER MORTE,mairie-st-etienne-de-mer-morte@wanadoo.fr
44 | Loire-Atlantique,SAINT ETIENNE DE MONTLUC,communication@st-etienne-montluc.net
44 | Loire-Atlantique,SAINT FIACRE SUR MAINE,mairiestfiacre@orange.fr
44 | Loire-Atlantique,SAINT GEREON,stgereon@wanadoo.fr
44 | Loire-Atlantique,SAINT GILDAS DES BOIS,mairiestgildas@wanadoo.fr
44 | Loire-Atlantique,SAINT HERBLAIN,monsieurlemaire@saint-herblain.fr
44 | Loire-Atlantique,SAINT HERBLON,mairie.stherblon44@wanadoo.fr
44 | Loire-Atlantique,SAINT HILAIRE DE CHALEONS,sthilairedechaleons@wanadoo.fr
44 | Loire-Atlantique,SAINT HILAIRE DE CLISSON,mairiesthilairedeclisson@wanadoo.fr
44 | Loire-Atlantique,SAINT JEAN DE BOISEAU,accueil@mairie-saint-jean-de-boiseau.fr
44 | Loire-Atlantique,SAINT JOACHIM,mairie@saint-joachim.fr
44 | Loire-Atlantique,SAINT JULIEN DE CONCELLES,accueil@ville-saintjuliendeconcelles.fr
44 | Loire-Atlantique,SAINT JULIEN DE VOUVANTES,stjuliendevouvantes@wanadoo.fr
44 | Loire-Atlantique,SAINT LEGER LES VIGNES,accueil@mairie-saintlegerlesvignes.fr
44 | Loire-Atlantique,SAINT LUMINE DE CLISSON,mairie.saintluminedeclisson@orange.fr
44 | Loire-Atlantique,SAINT LUMINE DE COUTAIS,st.lumine.de.coutais@free.fr
44 | Loire-Atlantique,SAINT LYPHARD,ville@mairie-saint-lyphard.fr
44 | Loire-Atlantique,SAINT MALO DE GUERSAC,mairie@saintmalodeguersac.fr
44 | Loire-Atlantique,SAINT MARS DE COUTAIS,mairie.saint.mars.coutais@wanadoo.fr
44 | Loire-Atlantique,SAINT MARS DU DESERT,mairie@saintmarsdudesert.fr
44 | Loire-Atlantique,SAINT MARS LA JAILLE,contact@saint-mars-la-jaille.fr
44 | Loire-Atlantique,SAINT MEME LE TENU,mairie.st.memeletenu@wanadoo.fr
44 | Loire-Atlantique,SAINT MICHEL CHEF CHEF,mairie@stmichelchefchef.fr
44 | Loire-Atlantique,SAINT MOLF,commune-de-saint-molf@wanadoo.fr
44 | Loire-Atlantique,SAINT NAZAIRE,contact@mairie.saintnazaire.fr
44 | Loire-Atlantique,SAINT NICOLAS DE REDON,mairie.st-nicolas.redon@wanadoo.fr
44 | Loire-Atlantique,SAINT PERE EN RETZ,mairie-st-pere@wanadoo.fr
44 | Loire-Atlantique,SAINT PHILBERT DE GRANDLIEU,contact@stphilbert.fr
44 | Loire-Atlantique,SAINT SEBASTIEN SUR LOIRE,communication@saintsebastien.fr
44 | Loire-Atlantique,SAINT SULPICE DES LANDES,compa@saint-sulpice-des-landes.fr
44 | Loire-Atlantique,SAINT VIAUD,mairie.stviaud@wanadoo.fr
44 | Loire-Atlantique,SAINT VINCENT DES LANDES,saint-vincent-des-landes@fr.st
44 | Loire-Atlantique,SAUTRON,mairie@sautron.fr
44 | Loire-Atlantique,SAVENAY,mairie@ville-savenay.fr
44 | Loire-Atlantique,SEVERAC,mairie-severac@wanadoo.fr
44 | Loire-Atlantique,SION LES MINES,mairie.sionlesmines@wanadoo.fr
44 | Loire-Atlantique,SOUDAN,mairie.soudan@wanadoo.fr
44 | Loire-Atlantique,SOULVACHE,mairie.soulvache@wanadoo.fr
44 | Loire-Atlantique,SUCE SUR ERDRE,contact@suce-sur-erdre.fr
44 | Loire-Atlantique,TEILLE,mairiedeteille@wanadoo.fr
44 | Loire-Atlantique,THOUARE SUR LOIRE,contact@mairie-thouare.fr
44 | Loire-Atlantique,TOUVOIS,mairie-touvois44@wanadoo.fr
44 | Loire-Atlantique,TRANS SUR ERDRE,contact@mairie-trans.fr
44 | Loire-Atlantique,TREFFIEUX,mairie@treffieux.fr
44 | Loire-Atlantique,TREILLIERES,mairie@treillieres.fr
44 | Loire-Atlantique,TRIGNAC,ville.trignac@wanadoo.fr
44 | Loire-Atlantique,VALLET,accueil@vallet.fr
44 | Loire-Atlantique,VARADES,mairie@varades.fr
44 | Loire-Atlantique,VAY,mairie@vay.fr
44 | Loire-Atlantique,VERTOU,ecrire@mairie-vertou.fr
44 | Loire-Atlantique,VIEILLEVIGNE,mairie.de.vieillevigne@wanadoo.fr
44 | Loire-Atlantique,VIGNEUX DE BRETAGNE,m.priou@vigneuxdebretagne.fr
44 | Loire-Atlantique,VILLEPOT,mairie.villepot@wanadoo.fr
44 | Loire-Atlantique,VRITZ,compa@vritz.fr
44 | Loire-Atlantique,VUE,mairiedevue@wanadoo.fr
94 | Val-de-Marne,ABLON SUR SEINE,info@ablon-sur-seine.fr
94 | Val-de-Marne,ALFORTVILLE,secretariat.dg@mairie-alfortville.fr
94 | Val-de-Marne,ARCUEIL,mairie@mairie-arcueil.fr
94 | Val-de-Marne,BOISSY SAINT LEGER,info@ville-boissy-saint-leger.fr
94 | Val-de-Marne,BONNEUIL SUR MARNE,contact@ville-bonneuil.fr
94 | Val-de-Marne,BRY SUR MARNE,mairie@bry94.fr
94 | Val-de-Marne,CACHAN,secretariat.maire@ville-cachan.fr
94 | Val-de-Marne,CHAMPIGNY SUR MARNE,secrt.general@mairie-champigny94.fr
94 | Val-de-Marne,CHARENTON LE PONT,communication@charenton.fr
94 | Val-de-Marne,CHENNEVIERES SUR MARNE,webmestre@villechennevieres.fr
94 | Val-de-Marne,CHEVILLY LARUE,cabinetmaire@ville-chevilly-larue.fr
94 | Val-de-Marne,CHOISY LE ROI,choisywebmaster@ville-choisy-le-roi.fr
94 | Val-de-Marne,CRETEIL,le-depute-maire@ville-creteil.fr
94 | Val-de-Marne,FONTENAY SOUS BOIS,dircom@fontenay-sous-bois.fr
94 | Val-de-Marne,FRESNES,webmaster@fresnes94.fr
94 | Val-de-Marne,GENTILLY,contact@ville-gentilly.fr
94 | Val-de-Marne,IVRY SUR SEINE,""
94 | Val-de-Marne,JOINVILLE LE PONT,contact@ville-joinville-le-pont.fr
94 | Val-de-Marne,LA QUEUE EN BRIE,maire@laqueueenbrie.fr
94 | Val-de-Marne,LE KREMLIN BICETRE,contact@ville-kremlin-bicetre.fr
94 | Val-de-Marne,LE PERREUX SUR MARNE,communication.perreux@wanadoo.fr
94 | Val-de-Marne,LE PLESSIS TREVISE,admgenerale@leplessistrevise.fr
94 | Val-de-Marne,L HAY LES ROSES,info.com@ville-lhay94.fr
94 | Val-de-Marne,LIMEIL BREVANNES,contact@limeil-brevannes.fr
94 | Val-de-Marne,MAISONS ALFORT,ville@maisons-alfort.fr
94 | Val-de-Marne,MANDRES LES ROSES,service.communication@ville-mandres-les-roses.fr
94 | Val-de-Marne,MAROLLES EN BRIE,cabinet-maire@mairie-marolles.fr
94 | Val-de-Marne,NOGENT SUR MARNE,jacques.jp.martin@ville-nogentsurmarne.fr
94 | Val-de-Marne,NOISEAU,mairie-de-noiseau@wanadoo.fr
94 | Val-de-Marne,ORLY,contact@ville-orly.fr
94 | Val-de-Marne,ORMESSON SUR MARNE,ccas@ville-ormesson-sur-marne.fr
94 | Val-de-Marne,PERIGNY SUR YERRES,mairie@perigny-sur-yerres.org
94 | Val-de-Marne,RUNGIS,""
94 | Val-de-Marne,SAINT MANDE,secretariat-particulier@mairie-saint-mande.fr
94 | Val-de-Marne,SAINT MAUR DES FOSSES,webmaster@mairie-st-maur.com
94 | Val-de-Marne,SAINT MAURICE,""
94 | Val-de-Marne,SANTENY,mairie@mairie-santeny.fr
94 | Val-de-Marne,SUCY EN BRIE,ServiceCommunication@ville-sucy.fr
94 | Val-de-Marne,THIAIS,contact@ville-thiais.fr
94 | Val-de-Marne,VALENTON,cleduey@ville-valenton.fr
94 | Val-de-Marne,VILLECRESNES,cabinet.du.maire@villecresnes.fr
94 | Val-de-Marne,VILLEJUIF,mairie@ville-villejuif.fr
94 | Val-de-Marne,VILLENEUVE LE ROI,infovilleneuve@ville-villeneuve-le-roi.fr
94 | Val-de-Marne,VILLENEUVE SAINT GEORGES,catherine.guerin@wanadoo.fr
94 | Val-de-Marne,VILLIERS SUR MARNE,contact@mairie-villiers94.com
94 | Val-de-Marne,VINCENNES,vincennes@vincennes.fr
94 | Val-de-Marne,VITRY SUR SEINE,infovitry@mairie-vitry94.fr
